timestamp,project_name,run_id,experiment_id,duration,emissions,emissions_rate,cpu_power,gpu_power,ram_power,cpu_energy,gpu_energy,ram_energy,energy_consumed,country_name,country_iso_code,region,cloud_provider,cloud_region,os,python_version,codecarbon_version,cpu_count,cpu_model,gpu_count,gpu_model,longitude,latitude,ram_total_size,tracking_mode,on_cloud,pue
2025-03-31T18:33:15,cc_generate_query_node,7f4d9978-3a81-4b63-ad35-4dbd82a2abb5,5b0fa12a-3dd7-45bb-9766-cc326314d9f1,0.0174918999982764,4.042212143629383e-08,2.310905129818756e-06,42.5,0.0,11.876811504364014,1.1734958332883457e-07,0.0,4.875761031901289e-09,1.2222534436073582e-07,Italy,ITA,abruzzo,,,Windows-10-10.0.19045-SP0,3.9.19,2.8.3,16,11th Gen Intel(R) Core(TM) i9-11950H @ 2.60GHz,1,1 x NVIDIA RTX A2000 Laptop GPU,13.4024,42.3532,31.671497344970703,machine,N,1.0
2025-03-31T18:33:20,cc_cache_context_node,349f6506-43d8-4dea-80b4-38e23e6ead62,5b0fa12a-3dd7-45bb-9766-cc326314d9f1,0.0369726000008086,1.7006164764199506e-07,4.59966698685718e-06,42.5,0.0,11.876811504364014,4.259220138881877e-07,0.0,8.829749530694242e-08,5.142195091951302e-07,Italy,ITA,abruzzo,,,Windows-10-10.0.19045-SP0,3.9.19,2.8.3,16,11th Gen Intel(R) Core(TM) i9-11950H @ 2.60GHz,1,1 x NVIDIA RTX A2000 Laptop GPU,13.4024,42.3532,31.671497344970703,machine,N,1.0
2025-03-31T18:34:20,cc_model_generation_node,6aa0ff2f-a658-400d-9e70-425c38a6b216,5b0fa12a-3dd7-45bb-9766-cc326314d9f1,54.31331499999942,0.0002984147993247,5.494321223529099e-06,42.5,6.738343713335143,11.876811504364014,0.0006366840838195,9.252007401627792e-05,0.000173119874496,0.0009023240323318,Italy,ITA,abruzzo,,,Windows-10-10.0.19045-SP0,3.9.19,2.8.3,16,11th Gen Intel(R) Core(TM) i9-11950H @ 2.60GHz,1,1 x NVIDIA RTX A2000 Laptop GPU,13.4024,42.3532,31.671497344970703,machine,N,1.0
2025-03-31T18:35:03,cc_model_validation_node,95a05c12-0ced-46b2-97a2-03f30608da5b,5b0fa12a-3dd7-45bb-9766-cc326314d9f1,37.67580509999971,0.0002084121397396,5.531723587233727e-06,42.5,4.977663473162109,11.876811504364014,0.0004436368756945,6.392477335737112e-05,0.0001226191688645,0.0006301808179164,Italy,ITA,abruzzo,,,Windows-10-10.0.19045-SP0,3.9.19,2.8.3,16,11th Gen Intel(R) Core(TM) i9-11950H @ 2.60GHz,1,1 x NVIDIA RTX A2000 Laptop GPU,13.4024,42.3532,31.671497344970703,machine,N,1.0
2025-03-31T18:36:00,cc_model_validation_node,38202dc5-c6f3-43df-b6ad-3d2603480516,5b0fa12a-3dd7-45bb-9766-cc326314d9f1,51.713435599998775,0.0002862302712272,5.534930485787791e-06,42.5,10.456126318950048,11.876811504364014,0.0006088419973611,8.793395923589742e-05,0.0001687054239968,0.0008654813805939,Italy,ITA,abruzzo,,,Windows-10-10.0.19045-SP0,3.9.19,2.8.3,16,11th Gen Intel(R) Core(TM) i9-11950H @ 2.60GHz,1,1 x NVIDIA RTX A2000 Laptop GPU,13.4024,42.3532,31.671497344970703,machine,N,1.0
2025-03-31T18:36:52,cc_model_validation_node,466b8c64-6adb-41b4-8274-256dac37aa4f,5b0fa12a-3dd7-45bb-9766-cc326314d9f1,47.57938830000057,0.0002619160273016,5.50482124003295e-06,42.5,5.96246232846244,11.876811504364014,0.0005574173420832,8.09553425398235e-05,0.0001535891296767,0.0007919618142998,Italy,ITA,abruzzo,,,Windows-10-10.0.19045-SP0,3.9.19,2.8.3,16,11th Gen Intel(R) Core(TM) i9-11950H @ 2.60GHz,1,1 x NVIDIA RTX A2000 Laptop GPU,13.4024,42.3532,31.671497344970703,machine,N,1.0
2025-03-31T18:36:57,cc_model_generation_node,132058de-9149-4f59-95ee-70a27ea01c0a,5b0fa12a-3dd7-45bb-9766-cc326314d9f1,0.0358577999995759,2.2299974883670665e-07,6.21900252774414e-06,42.5,17.445094871383223,11.876811504364014,4.1314131944621603e-07,1.6972235883372377e-07,9.142604540219004e-08,6.742897236821299e-07,Italy,ITA,abruzzo,,,Windows-10-10.0.19045-SP0,3.9.19,2.8.3,16,11th Gen Intel(R) Core(TM) i9-11950H @ 2.60GHz,1,1 x NVIDIA RTX A2000 Laptop GPU,13.4024,42.3532,31.671497344970703,machine,N,1.0
2025-03-31T18:37:02,cc_model_validation_node,0fc243b6-8740-4631-bf0c-c50e988fd398,5b0fa12a-3dd7-45bb-9766-cc326314d9f1,0.0413449999996373,1.925750583645175e-07,4.657759302605068e-06,42.5,0.0,11.876811504364014,4.772431249964232e-07,0.0,1.0505072766511145e-07,5.822938526615347e-07,Italy,ITA,abruzzo,,,Windows-10-10.0.19045-SP0,3.9.19,2.8.3,16,11th Gen Intel(R) Core(TM) i9-11950H @ 2.60GHz,1,1 x NVIDIA RTX A2000 Laptop GPU,13.4024,42.3532,31.671497344970703,machine,N,1.0
2025-03-31T18:37:08,cc_model_validation_node,ad847beb-b9bf-4495-8e44-ba097c049bd7,5b0fa12a-3dd7-45bb-9766-cc326314d9f1,0.0311736999992717,1.9778397864566978e-07,6.344578239037716e-06,42.5,20.24480600341241,11.876811504364014,3.5660569442749574e-07,1.700001348581282e-07,7.143836137127953e-08,5.980441906569034e-07,Italy,ITA,abruzzo,,,Windows-10-10.0.19045-SP0,3.9.19,2.8.3,16,11th Gen Intel(R) Core(TM) i9-11950H @ 2.60GHz,1,1 x NVIDIA RTX A2000 Laptop GPU,13.4024,42.3532,31.671497344970703,machine,N,1.0
2025-03-31T18:37:13,cc_model_validation_node,7c1babd9-3b5e-4563-9fbb-68803b9f8018,5b0fa12a-3dd7-45bb-9766-cc326314d9f1,0.0215716999991855,9.174956608265768e-08,4.253237625505726e-06,42.5,0.0,11.876811504364014,2.444434722178812e-07,0.0,3.298190554401155e-08,2.774253777618928e-07,Italy,ITA,abruzzo,,,Windows-10-10.0.19045-SP0,3.9.19,2.8.3,16,11th Gen Intel(R) Core(TM) i9-11950H @ 2.60GHz,1,1 x NVIDIA RTX A2000 Laptop GPU,13.4024,42.3532,31.671497344970703,machine,N,1.0
2025-03-31T18:37:13,global_file_ex05_writer0013.bpmn,f0fa0aa5-a940-4d74-8a25-cb251f505a14,5b0fa12a-3dd7-45bb-9766-cc326314d9f1,242.1626907000009,0.0013372767828009,5.5222246620046775e-06,42.5,6.252255039454183,11.876811504364014,0.0028439194434723,0.0004123844965739,0.0007872521494345,0.0040435560894809,Italy,ITA,abruzzo,,,Windows-10-10.0.19045-SP0,3.9.19,2.8.3,16,11th Gen Intel(R) Core(TM) i9-11950H @ 2.60GHz,1,1 x NVIDIA RTX A2000 Laptop GPU,13.4024,42.3532,31.671497344970703,machine,N,1.0
2025-03-31T18:37:23,cc_generate_query_node,e205b1f1-65cd-4c99-96ab-139992adedce,5b0fa12a-3dd7-45bb-9766-cc326314d9f1,0.0101027000000613,3.740640971044304e-08,3.7026151138028487e-06,42.5,0.0,11.876811504364014,1.0800194444931953e-07,0.0,5.104719567888554e-09,1.1310666401720809e-07,Italy,ITA,abruzzo,,,Windows-10-10.0.19045-SP0,3.9.19,2.8.3,16,11th Gen Intel(R) Core(TM) i9-11950H @ 2.60GHz,1,1 x NVIDIA RTX A2000 Laptop GPU,13.4024,42.3532,31.671497344970703,machine,N,1.0
2025-03-31T18:37:28,cc_cache_context_node,bca0e3ec-a3d9-491b-a76a-ca4cebf1728d,5b0fa12a-3dd7-45bb-9766-cc326314d9f1,0.0149766000013187,1.1202839428634744e-07,7.480228775321703e-06,42.5,42.95542203674079,11.876811504364014,1.655304166699049e-07,1.6777791245203846e-07,5.434631002233176e-09,3.3874296012417653e-07,Italy,ITA,abruzzo,,,Windows-10-10.0.19045-SP0,3.9.19,2.8.3,16,11th Gen Intel(R) Core(TM) i9-11950H @ 2.60GHz,1,1 x NVIDIA RTX A2000 Laptop GPU,13.4024,42.3532,31.671497344970703,machine,N,1.0
2025-03-31T18:38:02,cc_model_generation_node,2e139f5b-bb28-413d-b1e3-55ed3135b07b,5b0fa12a-3dd7-45bb-9766-cc326314d9f1,28.294349699999657,0.0001566629095833,5.536897339732816e-06,42.5,6.298565021180822,11.876811504364014,0.0003332181628472,4.812837184076102e-05,9.23588867991689e-05,0.0004737054214871,Italy,ITA,abruzzo,,,Windows-10-10.0.19045-SP0,3.9.19,2.8.3,16,11th Gen Intel(R) Core(TM) i9-11950H @ 2.60GHz,1,1 x NVIDIA RTX A2000 Laptop GPU,13.4024,42.3532,31.671497344970703,machine,N,1.0
2025-03-31T18:39:08,cc_model_validation_node,84efc848-85e6-45c3-9ffe-4438143ea362,5b0fa12a-3dd7-45bb-9766-cc326314d9f1,61.361374899999646,0.0003393299555306,5.530025298221625e-06,42.5,5.568357837449444,11.876811504364014,0.0007219053010416,0.0001042895278757,0.0001998453489098,0.0010260401778272,Italy,ITA,abruzzo,,,Windows-10-10.0.19045-SP0,3.9.19,2.8.3,16,11th Gen Intel(R) Core(TM) i9-11950H @ 2.60GHz,1,1 x NVIDIA RTX A2000 Laptop GPU,13.4024,42.3532,31.671497344970703,machine,N,1.0
2025-03-31T18:39:59,cc_model_validation_node,d55110ed-59b1-46eb-9d31-90d66c87b7d4,5b0fa12a-3dd7-45bb-9766-cc326314d9f1,45.65004939999926,0.0002522048059024,5.524743329246293e-06,42.5,5.701508561642106,11.876811504364014,0.0005366249714583,7.755033981737824e-05,0.0001484224484543,0.00076259775973,Italy,ITA,abruzzo,,,Windows-10-10.0.19045-SP0,3.9.19,2.8.3,16,11th Gen Intel(R) Core(TM) i9-11950H @ 2.60GHz,1,1 x NVIDIA RTX A2000 Laptop GPU,13.4024,42.3532,31.671497344970703,machine,N,1.0
2025-03-31T18:40:04,cc_model_validation_node,a1035faa-0b6b-4482-beff-c659abac8d27,5b0fa12a-3dd7-45bb-9766-cc326314d9f1,0.0509582000013324,2.96160352426442e-07,5.8118291544579285e-06,42.5,12.10739482538564,11.876811504364014,5.895340277750923e-07,1.6805568492372913e-07,1.379174941252459e-07,8.955072068240674e-07,Italy,ITA,abruzzo,,,Windows-10-10.0.19045-SP0,3.9.19,2.8.3,16,11th Gen Intel(R) Core(TM) i9-11950H @ 2.60GHz,1,1 x NVIDIA RTX A2000 Laptop GPU,13.4024,42.3532,31.671497344970703,machine,N,1.0
2025-03-31T18:40:10,cc_model_generation_node,5ef293c6-7615-4d92-86b7-fe5840d40ce8,5b0fa12a-3dd7-45bb-9766-cc326314d9f1,0.0683322999993834,3.756519684121152e-07,5.49742901110463e-06,42.5,9.164660468740708,11.876811504364014,7.789966666690715e-07,1.680556884764428e-07,1.8881556983019066e-07,1.135867924975705e-06,Italy,ITA,abruzzo,,,Windows-10-10.0.19045-SP0,3.9.19,2.8.3,16,11th Gen Intel(R) Core(TM) i9-11950H @ 2.60GHz,1,1 x NVIDIA RTX A2000 Laptop GPU,13.4024,42.3532,31.671497344970703,machine,N,1.0
2025-03-31T18:40:15,cc_model_validation_node,2e995f9e-1dae-4b7c-a8f7-4f4fadff3b11,5b0fa12a-3dd7-45bb-9766-cc326314d9f1,0.0496972999990248,2.870678869358115e-07,5.7763276262783775e-06,42.5,12.704299806181435,11.876811504364014,5.744760416556953e-07,1.719445812398135e-07,1.2159347653606598e-07,8.680140994315747e-07,Italy,ITA,abruzzo,,,Windows-10-10.0.19045-SP0,3.9.19,2.8.3,16,11th Gen Intel(R) Core(TM) i9-11950H @ 2.60GHz,1,1 x NVIDIA RTX A2000 Laptop GPU,13.4024,42.3532,31.671497344970703,machine,N,1.0
2025-03-31T18:40:20,cc_model_validation_node,d07c05d7-312f-46de-9f52-d1a82b75d4e9,5b0fa12a-3dd7-45bb-9766-cc326314d9f1,0.040046699999948,1.8703479148190922e-07,4.670417075118596e-06,42.5,0.0,11.876811504364014,4.612820138933989e-07,0.0,1.0425960005537077e-07,5.655416139487695e-07,Italy,ITA,abruzzo,,,Windows-10-10.0.19045-SP0,3.9.19,2.8.3,16,11th Gen Intel(R) Core(TM) i9-11950H @ 2.60GHz,1,1 x NVIDIA RTX A2000 Laptop GPU,13.4024,42.3532,31.671497344970703,machine,N,1.0
2025-03-31T18:40:25,cc_model_validation_node,689f090c-d070-4a0a-83c5-341efa14bd5c,5b0fa12a-3dd7-45bb-9766-cc326314d9f1,0.0199885000001813,8.506907321154611e-08,4.2559008035007225e-06,42.5,0.0,11.876811504364014,2.252830555714051e-07,0.0,3.194235463168668e-08,2.5722541020309177e-07,Italy,ITA,abruzzo,,,Windows-10-10.0.19045-SP0,3.9.19,2.8.3,16,11th Gen Intel(R) Core(TM) i9-11950H @ 2.60GHz,1,1 x NVIDIA RTX A2000 Laptop GPU,13.4024,42.3532,31.671497344970703,machine,N,1.0
2025-03-31T18:40:25,global_file_ex07_writer0000.bpmn,56d96410-8c3e-4883-8851-e3697b866db6,5b0fa12a-3dd7-45bb-9766-cc326314d9f1,187.1900117999994,0.0010343310387915,5.525567464019745e-06,42.5,5.940355083985065,11.876811504364014,0.002200138538472,0.0003184852547839,0.0006089079370747,0.0031275317303308,Italy,ITA,abruzzo,,,Windows-10-10.0.19045-SP0,3.9.19,2.8.3,16,11th Gen Intel(R) Core(TM) i9-11950H @ 2.60GHz,1,1 x NVIDIA RTX A2000 Laptop GPU,13.4024,42.3532,31.671497344970703,machine,N,1.0
2025-03-31T18:40:35,cc_generate_query_node,cf737534-18e7-4a4a-818a-b354504b0430,5b0fa12a-3dd7-45bb-9766-cc326314d9f1,0.0135508000003028,5.1105403587409394e-08,3.7713938355128295e-06,42.5,0.0,11.876811504364014,1.4977000001484462e-07,0.0,4.7586424763695915e-09,1.5452864249121422e-07,Italy,ITA,abruzzo,,,Windows-10-10.0.19045-SP0,3.9.19,2.8.3,16,11th Gen Intel(R) Core(TM) i9-11950H @ 2.60GHz,1,1 x NVIDIA RTX A2000 Laptop GPU,13.4024,42.3532,31.671497344970703,machine,N,1.0
2025-03-31T18:40:40,cc_cache_context_node,9749a1f1-fd2c-4ffe-b727-bbc08bd0b964,5b0fa12a-3dd7-45bb-9766-cc326314d9f1,0.0318841999996948,1.157161510114837e-07,3.629263115041031e-06,42.5,0.0,11.876811504364014,2.9250034720512813e-07,0.0,5.739337194981263e-08,3.498937191549408e-07,Italy,ITA,abruzzo,,,Windows-10-10.0.19045-SP0,3.9.19,2.8.3,16,11th Gen Intel(R) Core(TM) i9-11950H @ 2.60GHz,1,1 x NVIDIA RTX A2000 Laptop GPU,13.4024,42.3532,31.671497344970703,machine,N,1.0
2025-03-31T18:41:42,cc_model_generation_node,1b342c00-bfac-45c9-8021-5560126c3b59,5b0fa12a-3dd7-45bb-9766-cc326314d9f1,56.85132729999896,0.0003141514808861,5.525842505460228e-06,42.5,6.491192577308598,11.876811504364014,0.0006682865549306,9.67364662791681e-05,0.0001848843950365,0.0009499074162463,Italy,ITA,abruzzo,,,Windows-10-10.0.19045-SP0,3.9.19,2.8.3,16,11th Gen Intel(R) Core(TM) i9-11950H @ 2.60GHz,1,1 x NVIDIA RTX A2000 Laptop GPU,13.4024,42.3532,31.671497344970703,machine,N,1.0
2025-03-31T18:42:33,cc_model_validation_node,bfe393eb-4ca1-4f70-93de-d3b2b904585f,5b0fa12a-3dd7-45bb-9766-cc326314d9f1,46.66338209999958,0.000258167396532,5.532547897596006e-06,42.5,4.98945205349773,11.876811504364014,0.0005491474347221,7.933423013284369e-05,0.0001521453240965,0.0007806269889515,Italy,ITA,abruzzo,,,Windows-10-10.0.19045-SP0,3.9.19,2.8.3,16,11th Gen Intel(R) Core(TM) i9-11950H @ 2.60GHz,1,1 x NVIDIA RTX A2000 Laptop GPU,13.4024,42.3532,31.671497344970703,machine,N,1.0
2025-03-31T18:43:29,cc_model_validation_node,ff0b69d7-f6f5-4641-ab09-bd0b56cf8c67,5b0fa12a-3dd7-45bb-9766-cc326314d9f1,50.40545139999995,0.0002787643620521,5.5304407422128045e-06,42.5,6.934520298330404,11.876811504364014,0.0005931892084026,8.570256856188507e-05,0.0001640147538326,0.0008429065307971,Italy,ITA,abruzzo,,,Windows-10-10.0.19045-SP0,3.9.19,2.8.3,16,11th Gen Intel(R) Core(TM) i9-11950H @ 2.60GHz,1,1 x NVIDIA RTX A2000 Laptop GPU,13.4024,42.3532,31.671497344970703,machine,N,1.0
2025-03-31T18:44:39,cc_model_validation_node,27bd3804-fa0e-4cae-b0d0-8e6e79d76e99,5b0fa12a-3dd7-45bb-9766-cc326314d9f1,64.81063910000012,0.0003576182038756,5.517893494675069e-06,42.5,5.860745337229151,11.876811504364014,0.0007611216506944,0.0001102036992719,0.0002100134458524,0.0010813387958188,Italy,ITA,abruzzo,,,Windows-10-10.0.19045-SP0,3.9.19,2.8.3,16,11th Gen Intel(R) Core(TM) i9-11950H @ 2.60GHz,1,1 x NVIDIA RTX A2000 Laptop GPU,13.4024,42.3532,31.671497344970703,machine,N,1.0
2025-03-31T18:44:44,cc_model_generation_node,10749588-4616-4fcc-a638-06d47eb61636,5b0fa12a-3dd7-45bb-9766-cc326314d9f1,0.0390642999991541,1.8205836969911017e-07,4.660479509502337e-06,42.5,0.0,11.876811504364014,4.510170833201402e-07,0.0,9.947720395515226e-08,5.504942872752925e-07,Italy,ITA,abruzzo,,,Windows-10-10.0.19045-SP0,3.9.19,2.8.3,16,11th Gen Intel(R) Core(TM) i9-11950H @ 2.60GHz,1,1 x NVIDIA RTX A2000 Laptop GPU,13.4024,42.3532,31.671497344970703,machine,N,1.0
2025-03-31T18:44:50,cc_model_validation_node,d4322b62-2054-423f-9470-01b752a12d50,5b0fa12a-3dd7-45bb-9766-cc326314d9f1,0.0713333999992755,3.991855841258437e-07,5.596054360648696e-06,42.5,8.618982743509685,11.876811504364014,8.310780555461862e-07,1.686112440779653e-07,2.073377872772077e-07,1.2070270869013591e-06,Italy,ITA,abruzzo,,,Windows-10-10.0.19045-SP0,3.9.19,2.8.3,16,11th Gen Intel(R) Core(TM) i9-11950H @ 2.60GHz,1,1 x NVIDIA RTX A2000 Laptop GPU,13.4024,42.3532,31.671497344970703,machine,N,1.0
2025-03-31T18:44:55,cc_model_validation_node,e98b0202-6565-430a-a03c-53cad2189754,5b0fa12a-3dd7-45bb-9766-cc326314d9f1,0.0452917999991768,2.62534415917161e-07,5.796510978188817e-06,42.5,13.703395760967725,11.876811504364014,5.231454860955234e-07,1.688890236550833e-07,1.0179714113371477e-07,7.938316508843214e-07,Italy,ITA,abruzzo,,,Windows-10-10.0.19045-SP0,3.9.19,2.8.3,16,11th Gen Intel(R) Core(TM) i9-11950H @ 2.60GHz,1,1 x NVIDIA RTX A2000 Laptop GPU,13.4024,42.3532,31.671497344970703,machine,N,1.0
2025-03-31T18:45:00,cc_model_validation_node,0a1de04b-2d4e-43c5-bb0c-fea673960be4,5b0fa12a-3dd7-45bb-9766-cc326314d9f1,0.0434275999996316,1.4016198138831505e-07,3.227486238924185e-06,42.5,0.0,11.876811504364014,3.592501388867378e-07,0.0,6.456102769117762e-08,4.238111665779154e-07,Italy,ITA,abruzzo,,,Windows-10-10.0.19045-SP0,3.9.19,2.8.3,16,11th Gen Intel(R) Core(TM) i9-11950H @ 2.60GHz,1,1 x NVIDIA RTX A2000 Laptop GPU,13.4024,42.3532,31.671497344970703,machine,N,1.0
2025-03-31T18:45:00,global_file_ex08_writer0000.bpmn,bd4d8f28-046d-4cf5-b0b4-ba0e936fbe77,5b0fa12a-3dd7-45bb-9766-cc326314d9f1,270.05738230000134,0.0014905415780504,5.519351351760799e-06,42.5,5.17773044477866,11.876811504364014,0.0031719925527776,0.0004591725895579,0.0008758214082921,0.0045069865506277,Italy,ITA,abruzzo,,,Windows-10-10.0.19045-SP0,3.9.19,2.8.3,16,11th Gen Intel(R) Core(TM) i9-11950H @ 2.60GHz,1,1 x NVIDIA RTX A2000 Laptop GPU,13.4024,42.3532,31.671497344970703,machine,N,1.0
2025-03-31T18:45:10,cc_generate_query_node,21b92986-6d0b-4a50-a00d-64e69535ddee,5b0fa12a-3dd7-45bb-9766-cc326314d9f1,0.0471111999995628,2.1914923763664202e-07,4.651743908851307e-06,42.5,16.93460043272068,11.876811504364014,4.198704860932089e-07,1.6750013287492038e-07,7.527622104856777e-08,6.62646840016697e-07,Italy,ITA,abruzzo,,,Windows-10-10.0.19045-SP0,3.9.19,2.8.3,16,11th Gen Intel(R) Core(TM) i9-11950H @ 2.60GHz,1,1 x NVIDIA RTX A2000 Laptop GPU,13.4024,42.3532,31.671497344970703,machine,N,1.0
2025-03-31T18:45:15,cc_cache_context_node,d7af0a7c-0bf9-435f-95b9-97593be31eb6,5b0fa12a-3dd7-45bb-9766-cc326314d9f1,0.0111367999998037,4.09240615550784e-08,3.6746697036670745e-06,42.5,0.0,11.876811504364014,1.1850770832148153e-07,0.0,5.2353644930565274e-09,1.2374307281453806e-07,Italy,ITA,abruzzo,,,Windows-10-10.0.19045-SP0,3.9.19,2.8.3,16,11th Gen Intel(R) Core(TM) i9-11950H @ 2.60GHz,1,1 x NVIDIA RTX A2000 Laptop GPU,13.4024,42.3532,31.671497344970703,machine,N,1.0
2025-03-31T18:46:11,cc_model_generation_node,0bb96360-bf6d-407d-9d89-34bd84bb224a,5b0fa12a-3dd7-45bb-9766-cc326314d9f1,50.87283489999936,0.0002793645694632,5.4914291686781816e-06,42.5,6.044353246854801,11.876811504364014,0.000594211382986,8.651895810274368e-05,0.0001639910513458,0.0008447213924346,Italy,ITA,abruzzo,,,Windows-10-10.0.19045-SP0,3.9.19,2.8.3,16,11th Gen Intel(R) Core(TM) i9-11950H @ 2.60GHz,1,1 x NVIDIA RTX A2000 Laptop GPU,13.4024,42.3532,31.671497344970703,machine,N,1.0
2025-03-31T18:47:41,cc_model_validation_node,64aa66c5-00bc-44b6-87b2-f668cebdc7e6,5b0fa12a-3dd7-45bb-9766-cc326314d9f1,83.40461289999985,0.0004603473290688,5.519446863458578e-06,42.5,5.963171120314417,11.876811504364014,0.0009796025871527,0.0001419712246892,0.0002703895196636,0.0013919633315056,Italy,ITA,abruzzo,,,Windows-10-10.0.19045-SP0,3.9.19,2.8.3,16,11th Gen Intel(R) Core(TM) i9-11950H @ 2.60GHz,1,1 x NVIDIA RTX A2000 Laptop GPU,13.4024,42.3532,31.671497344970703,machine,N,1.0
2025-03-31T18:48:49,cc_model_validation_node,66f2e124-c181-4b7b-96ee-85cba32e204a,5b0fa12a-3dd7-45bb-9766-cc326314d9f1,62.90372500000012,0.0003472004291807,5.51955276385807e-06,42.5,5.713216300733111,11.876811504364014,0.0007385995312499,0.0001069786966922,0.0002042600910507,0.0010498383189929,Italy,ITA,abruzzo,,,Windows-10-10.0.19045-SP0,3.9.19,2.8.3,16,11th Gen Intel(R) Core(TM) i9-11950H @ 2.60GHz,1,1 x NVIDIA RTX A2000 Laptop GPU,13.4024,42.3532,31.671497344970703,machine,N,1.0
2025-03-31T18:49:48,cc_model_validation_node,b773bbc6-e3ca-4748-96f4-5ff04c8b5a36,5b0fa12a-3dd7-45bb-9766-cc326314d9f1,53.72260450000067,0.0002967468628935,5.523687201232621e-06,42.5,8.714322508270163,11.876811504364014,0.000631196922986,9.140312867828015e-05,0.0001746806010172,0.0008972806526815,Italy,ITA,abruzzo,,,Windows-10-10.0.19045-SP0,3.9.19,2.8.3,16,11th Gen Intel(R) Core(TM) i9-11950H @ 2.60GHz,1,1 x NVIDIA RTX A2000 Laptop GPU,13.4024,42.3532,31.671497344970703,machine,N,1.0
2025-03-31T18:49:53,cc_model_generation_node,8d49d298-5b9c-4f8e-988c-6a9e2124184c,5b0fa12a-3dd7-45bb-9766-cc326314d9f1,0.0432802999985142,2.569947847363608e-07,5.937915974362079e-06,42.5,14.320588694900676,11.876811504364014,4.983644444274028e-07,1.680556884764428e-07,1.1066120145461305e-07,7.770813343584586e-07,Italy,ITA,abruzzo,,,Windows-10-10.0.19045-SP0,3.9.19,2.8.3,16,11th Gen Intel(R) Core(TM) i9-11950H @ 2.60GHz,1,1 x NVIDIA RTX A2000 Laptop GPU,13.4024,42.3532,31.671497344970703,machine,N,1.0
2025-03-31T18:49:59,cc_model_validation_node,769e9136-2dcc-4e7a-99f4-37b0118dd3d6,5b0fa12a-3dd7-45bb-9766-cc326314d9f1,0.1267306999998254,6.723832198090289e-07,5.305606453763414e-06,42.5,4.862499217026439,11.876811504364014,1.4853714583195044e-06,1.700001313054145e-07,3.777297831731414e-07,2.0331013727980604e-06,Italy,ITA,abruzzo,,,Windows-10-10.0.19045-SP0,3.9.19,2.8.3,16,11th Gen Intel(R) Core(TM) i9-11950H @ 2.60GHz,1,1 x NVIDIA RTX A2000 Laptop GPU,13.4024,42.3532,31.671497344970703,machine,N,1.0
2025-03-31T18:50:04,cc_model_validation_node,055f34c0-2762-456f-8b09-52e0b72ece04,5b0fa12a-3dd7-45bb-9766-cc326314d9f1,0.0813096000001678,3.9266533234314754e-07,4.829261641212563e-06,42.5,8.66968230429737,11.876811504364014,8.273168055527296e-07,1.688890236550833e-07,1.911058149819426e-07,1.1873116441897554e-06,Italy,ITA,abruzzo,,,Windows-10-10.0.19045-SP0,3.9.19,2.8.3,16,11th Gen Intel(R) Core(TM) i9-11950H @ 2.60GHz,1,1 x NVIDIA RTX A2000 Laptop GPU,13.4024,42.3532,31.671497344970703,machine,N,1.0
2025-03-31T18:50:10,cc_model_validation_node,48d30058-05b9-402e-a096-37bd860e8bee,5b0fa12a-3dd7-45bb-9766-cc326314d9f1,0.0577632000004086,2.72291544911482e-07,4.713927637484686e-06,42.5,0.0,11.876811504364014,6.698755555564478e-07,0.0,1.5345896180118598e-07,8.233345173576338e-07,Italy,ITA,abruzzo,,,Windows-10-10.0.19045-SP0,3.9.19,2.8.3,16,11th Gen Intel(R) Core(TM) i9-11950H @ 2.60GHz,1,1 x NVIDIA RTX A2000 Laptop GPU,13.4024,42.3532,31.671497344970703,machine,N,1.0
2025-03-31T18:50:10,global_file_ex09_writer0002.bpmn,67a3c27f-a041-4075-b72f-f76b9e63b2bc,5b0fa12a-3dd7-45bb-9766-cc326314d9f1,304.7627603000001,0.0016801213831264,5.5128828124296025e-06,42.5,3.8894736966738166,11.876811504364014,0.0035753614210417,0.0005182748590613,0.0009865873035133,0.0050802235836164,Italy,ITA,abruzzo,,,Windows-10-10.0.19045-SP0,3.9.19,2.8.3,16,11th Gen Intel(R) Core(TM) i9-11950H @ 2.60GHz,1,1 x NVIDIA RTX A2000 Laptop GPU,13.4024,42.3532,31.671497344970703,machine,N,1.0
2025-03-31T18:50:20,cc_generate_query_node,623d9bff-3ac3-4cb0-9f1c-2183e3d943ff,5b0fa12a-3dd7-45bb-9766-cc326314d9f1,0.0414773000011337,2.466385610456977e-07,5.946350438407426e-06,42.5,15.166971626285314,11.876811504364014,4.790718055611857e-07,1.71111246061173e-07,9.558391916755201e-08,7.457669707899107e-07,Italy,ITA,abruzzo,,,Windows-10-10.0.19045-SP0,3.9.19,2.8.3,16,11th Gen Intel(R) Core(TM) i9-11950H @ 2.60GHz,1,1 x NVIDIA RTX A2000 Laptop GPU,13.4024,42.3532,31.671497344970703,machine,N,1.0
2025-03-31T18:50:26,cc_cache_context_node,71413b51-4142-4298-8fea-cc1685af3426,5b0fa12a-3dd7-45bb-9766-cc326314d9f1,0.0347117999990587,1.4502618246708614e-07,4.178008126084468e-06,42.5,0.0,11.876811504364014,3.765842360975411e-07,0.0,6.193493270211941e-08,4.385191687996605e-07,Italy,ITA,abruzzo,,,Windows-10-10.0.19045-SP0,3.9.19,2.8.3,16,11th Gen Intel(R) Core(TM) i9-11950H @ 2.60GHz,1,1 x NVIDIA RTX A2000 Laptop GPU,13.4024,42.3532,31.671497344970703,machine,N,1.0
2025-03-31T18:51:47,cc_model_generation_node,b5a54e38-badb-425f-9169-361870461f38,5b0fa12a-3dd7-45bb-9766-cc326314d9f1,75.50071190000017,0.0004176694989716,5.531994182052744e-06,42.5,6.3500085179006005,11.876811504364014,0.0008886791036111,0.0001281426025094,0.0002460956402942,0.0012629173464148,Italy,ITA,abruzzo,,,Windows-10-10.0.19045-SP0,3.9.19,2.8.3,16,11th Gen Intel(R) Core(TM) i9-11950H @ 2.60GHz,1,1 x NVIDIA RTX A2000 Laptop GPU,13.4024,42.3532,31.671497344970703,machine,N,1.0
2025-03-31T18:53:00,cc_model_validation_node,4db45877-9ead-448e-91f8-aa6fc545ad50,5b0fa12a-3dd7-45bb-9766-cc326314d9f1,68.03015240000059,0.0003757249131468,5.522917410764051e-06,42.5,6.601142331508725,11.876811504364014,0.0007995105017361,0.0001156259258365,0.0002209520621583,0.0011360884897311,Italy,ITA,abruzzo,,,Windows-10-10.0.19045-SP0,3.9.19,2.8.3,16,11th Gen Intel(R) Core(TM) i9-11950H @ 2.60GHz,1,1 x NVIDIA RTX A2000 Laptop GPU,13.4024,42.3532,31.671497344970703,machine,N,1.0
2025-03-31T18:54:11,cc_model_validation_node,05d339ca-0ed2-4b45-87ab-ec331c4de445,5b0fa12a-3dd7-45bb-9766-cc326314d9f1,64.48871510000026,0.000356771440803,5.53230809839893e-06,42.5,6.06120194465145,11.876811504364014,0.0007589431101388,0.0001096684210679,0.000210166886669,0.0010787784178758,Italy,ITA,abruzzo,,,Windows-10-10.0.19045-SP0,3.9.19,2.8.3,16,11th Gen Intel(R) Core(TM) i9-11950H @ 2.60GHz,1,1 x NVIDIA RTX A2000 Laptop GPU,13.4024,42.3532,31.671497344970703,machine,N,1.0
2025-03-31T18:55:10,cc_model_validation_node,ebd5282f-39f0-4645-9cb5-4bca002c1dc5,5b0fa12a-3dd7-45bb-9766-cc326314d9f1,53.96534100000099,0.0002981892720621,5.525570051751671e-06,42.5,6.580358385465082,11.876811504364014,0.0006343764931943,9.163035108272766e-05,0.0001756352558268,0.0009016421001039,Italy,ITA,abruzzo,,,Windows-10-10.0.19045-SP0,3.9.19,2.8.3,16,11th Gen Intel(R) Core(TM) i9-11950H @ 2.60GHz,1,1 x NVIDIA RTX A2000 Laptop GPU,13.4024,42.3532,31.671497344970703,machine,N,1.0
2025-03-31T18:55:15,cc_model_generation_node,e8ab5bd2-5318-439e-bc25-54caaff16c96,5b0fa12a-3dd7-45bb-9766-cc326314d9f1,0.0451711000005161,2.6807131013478415e-07,5.934575649734475e-06,42.5,13.68274316164008,11.876811504364014,5.219413194506867e-07,1.6833346805356086e-07,1.2029890408430858e-07,8.105736915885562e-07,Italy,ITA,abruzzo,,,Windows-10-10.0.19045-SP0,3.9.19,2.8.3,16,11th Gen Intel(R) Core(TM) i9-11950H @ 2.60GHz,1,1 x NVIDIA RTX A2000 Laptop GPU,13.4024,42.3532,31.671497344970703,machine,N,1.0
2025-03-31T18:55:20,cc_model_validation_node,78ee93f7-3062-4b17-a736-d83d25192cf3,5b0fa12a-3dd7-45bb-9766-cc326314d9f1,0.043946900001174,2.059604320978653e-07,4.686574754814627e-06,42.5,0.0,11.876811504364014,5.07719166672713e-07,0.0,1.15048363663904e-07,6.22767530336617e-07,Italy,ITA,abruzzo,,,Windows-10-10.0.19045-SP0,3.9.19,2.8.3,16,11th Gen Intel(R) Core(TM) i9-11950H @ 2.60GHz,1,1 x NVIDIA RTX A2000 Laptop GPU,13.4024,42.3532,31.671497344970703,machine,N,1.0
2025-03-31T18:55:26,cc_model_validation_node,d402c514-29c6-4bee-b60e-b7820cdafa1e,5b0fa12a-3dd7-45bb-9766-cc326314d9f1,0.2254936000008456,1.2143944126788813e-06,5.3854939238822174e-06,42.5,5.456260930507517,11.876811504364014,2.6499352083343794e-06,3.402780457406607e-07,6.817804465366027e-07,3.6719937006116414e-06,Italy,ITA,abruzzo,,,Windows-10-10.0.19045-SP0,3.9.19,2.8.3,16,11th Gen Intel(R) Core(TM) i9-11950H @ 2.60GHz,1,1 x NVIDIA RTX A2000 Laptop GPU,13.4024,42.3532,31.671497344970703,machine,N,1.0
2025-03-31T18:55:31,cc_model_validation_node,8f5ebd95-ada0-4ebe-9252-aeb8d7ab99dc,5b0fa12a-3dd7-45bb-9766-cc326314d9f1,0.0243945000001986,1.0427728919338017e-07,4.274622935191588e-06,42.5,0.0,11.876811504364014,2.742631250106974e-07,0.0,4.104263153530296e-08,3.153057565460004e-07,Italy,ITA,abruzzo,,,Windows-10-10.0.19045-SP0,3.9.19,2.8.3,16,11th Gen Intel(R) Core(TM) i9-11950H @ 2.60GHz,1,1 x NVIDIA RTX A2000 Laptop GPU,13.4024,42.3532,31.671497344970703,machine,N,1.0
2025-03-31T18:55:31,global_file_ex10_writer0000.bpmn,50c5f3c3-48a5-4e1a-8bef-7827373e3699,5b0fa12a-3dd7-45bb-9766-cc326314d9f1,316.258546699999,0.0017474728943263,5.525456663733912e-06,42.5,5.92169437600621,11.876811504364014,0.0037180445224305,0.0005376662634688,0.0010281651879705,0.0052838759738699,Italy,ITA,abruzzo,,,Windows-10-10.0.19045-SP0,3.9.19,2.8.3,16,11th Gen Intel(R) Core(TM) i9-11950H @ 2.60GHz,1,1 x NVIDIA RTX A2000 Laptop GPU,13.4024,42.3532,31.671497344970703,machine,N,1.0
2025-03-31T18:55:31,global_app,b67aa2b3-3cb4-463f-adc8-8088482cbc34,5b0fa12a-3dd7-45bb-9766-cc326314d9f1,1345.9592524,0.0074328675658138,5.522357049487309e-06,42.5,6.213782242530472,11.876811504364014,0.0158132045059029,0.0022895318316251,0.0043722047476678,0.0224749410851958,Italy,ITA,abruzzo,,,Windows-10-10.0.19045-SP0,3.9.19,2.8.3,16,11th Gen Intel(R) Core(TM) i9-11950H @ 2.60GHz,1,1 x NVIDIA RTX A2000 Laptop GPU,13.4024,42.3532,31.671497344970703,machine,N,1.0
2025-03-31T18:56:21,cc_generate_query_node,911a0c9f-f649-4edb-997f-f57043e7d598,5b0fa12a-3dd7-45bb-9766-cc326314d9f1,0.0088231999998242,3.26194119788099e-08,3.69700471251468e-06,42.5,0.0,11.876811504364014,9.451645832112061e-08,0.0,4.115645098741311e-09,9.863210341986193e-08,Italy,ITA,abruzzo,,,Windows-10-10.0.19045-SP0,3.9.19,2.8.3,16,11th Gen Intel(R) Core(TM) i9-11950H @ 2.60GHz,1,1 x NVIDIA RTX A2000 Laptop GPU,13.4024,42.3532,31.671497344970703,machine,N,1.0
2025-03-31T18:56:26,cc_cache_context_node,28953a6b-044e-4d5b-a72d-f42ab143dc6f,5b0fa12a-3dd7-45bb-9766-cc326314d9f1,0.0592827000000397,3.408813994369135e-07,5.750099091922008e-06,42.5,10.423574917694554,11.876811504364014,6.894668749977326e-07,1.6916680323220137e-07,1.720976379878512e-07,1.0307313162177851e-06,Italy,ITA,abruzzo,,,Windows-10-10.0.19045-SP0,3.9.19,2.8.3,16,11th Gen Intel(R) Core(TM) i9-11950H @ 2.60GHz,1,1 x NVIDIA RTX A2000 Laptop GPU,13.4024,42.3532,31.671497344970703,machine,N,1.0
2025-03-31T18:56:56,cc_model_generation_node,8bd4df79-06b4-40ae-864c-cc2b6e45bf1a,5b0fa12a-3dd7-45bb-9766-cc326314d9f1,24.82543379999879,0.0001371136052735,5.523110144949156e-06,42.5,5.071961140723872,11.876811504364014,0.0002917798919444,4.210142256866334e-05,8.071240361995503e-05,0.000414593718133,Italy,ITA,abruzzo,,,Windows-10-10.0.19045-SP0,3.9.19,2.8.3,16,11th Gen Intel(R) Core(TM) i9-11950H @ 2.60GHz,1,1 x NVIDIA RTX A2000 Laptop GPU,13.4024,42.3532,31.671497344970703,machine,N,1.0
2025-03-31T18:57:01,cc_model_validation_node,c31f9679-e26a-41f7-b2d6-21ae649fa01e,5b0fa12a-3dd7-45bb-9766-cc326314d9f1,0.0515933000006043,1.912726072716502e-07,3.707314850366416e-06,42.5,0.0,11.876811504364014,4.733461111110653e-07,0.0,1.0500948874031916e-07,5.783555998513844e-07,Italy,ITA,abruzzo,,,Windows-10-10.0.19045-SP0,3.9.19,2.8.3,16,11th Gen Intel(R) Core(TM) i9-11950H @ 2.60GHz,1,1 x NVIDIA RTX A2000 Laptop GPU,13.4024,42.3532,31.671497344970703,machine,N,1.0
2025-03-31T18:57:02,global_file_ex00_writer0001.bpmn,6b207e43-a891-4d8b-a513-ed35285727a1,5b0fa12a-3dd7-45bb-9766-cc326314d9f1,45.80565279999973,0.0002533920827186,5.531895458952964e-06,42.5,6.208612175885186,11.876811504364014,0.0005390540306249,7.797478460247476e-05,0.0001491589420724,0.0007661877572998,Italy,ITA,abruzzo,,,Windows-10-10.0.19045-SP0,3.9.19,2.8.3,16,11th Gen Intel(R) Core(TM) i9-11950H @ 2.60GHz,1,1 x NVIDIA RTX A2000 Laptop GPU,13.4024,42.3532,31.671497344970703,machine,N,1.0
2025-03-31T18:57:12,cc_generate_query_node,2101c682-0d45-4c00-8e34-340a8494f641,5b0fa12a-3dd7-45bb-9766-cc326314d9f1,0.0125312000000121,4.8231829620911487e-08,3.848939416884625e-06,42.5,0.0,11.876811504364014,1.379337499934587e-07,0.0,7.905997528331724e-09,1.458397475217904e-07,Italy,ITA,abruzzo,,,Windows-10-10.0.19045-SP0,3.9.19,2.8.3,16,11th Gen Intel(R) Core(TM) i9-11950H @ 2.60GHz,1,1 x NVIDIA RTX A2000 Laptop GPU,13.4024,42.3532,31.671497344970703,machine,N,1.0
2025-03-31T18:57:17,cc_cache_context_node,baece9a2-c3ac-4a90-84b1-1f0607b1593a,5b0fa12a-3dd7-45bb-9766-cc326314d9f1,0.0136279999987891,5.1382257617266455e-08,3.77034470368592e-06,42.5,0.0,11.876811504364014,1.498443750013697e-07,0.0,5.521397703068689e-09,1.5536577270443837e-07,Italy,ITA,abruzzo,,,Windows-10-10.0.19045-SP0,3.9.19,2.8.3,16,11th Gen Intel(R) Core(TM) i9-11950H @ 2.60GHz,1,1 x NVIDIA RTX A2000 Laptop GPU,13.4024,42.3532,31.671497344970703,machine,N,1.0
2025-03-31T18:57:46,cc_model_generation_node,04fe2069-eeee-495f-85a0-d25fbe41dc98,5b0fa12a-3dd7-45bb-9766-cc326314d9f1,23.06918190000033,0.0001272661164727,5.516715634929887e-06,42.5,6.207677048082409,11.876811504364014,0.0002707638166666,3.924364250806889e-05,7.481016935703802e-05,0.0003848176285317,Italy,ITA,abruzzo,,,Windows-10-10.0.19045-SP0,3.9.19,2.8.3,16,11th Gen Intel(R) Core(TM) i9-11950H @ 2.60GHz,1,1 x NVIDIA RTX A2000 Laptop GPU,13.4024,42.3532,31.671497344970703,machine,N,1.0
2025-03-31T18:57:51,cc_model_validation_node,9af5d6c1-bab1-4c43-ade6-fe9e4ff8a66a,5b0fa12a-3dd7-45bb-9766-cc326314d9f1,0.0461340000001655,2.1628665508659745e-07,4.688226797715814e-06,42.5,0.0,11.876811504364014,5.343643055627784e-07,0.0,1.1962687449575317e-07,6.539911800585316e-07,Italy,ITA,abruzzo,,,Windows-10-10.0.19045-SP0,3.9.19,2.8.3,16,11th Gen Intel(R) Core(TM) i9-11950H @ 2.60GHz,1,1 x NVIDIA RTX A2000 Laptop GPU,13.4024,42.3532,31.671497344970703,machine,N,1.0
2025-03-31T18:57:51,global_file_ex01_writer0001.bpmn,ace176c3-4715-47e5-a4ad-4784bf04165b,5b0fa12a-3dd7-45bb-9766-cc326314d9f1,43.9429035000012,0.0002425327572248,5.519270187161447e-06,42.5,6.605930701609282,11.876811504364014,0.0005159848712499,7.480172650531358e-05,0.0001425655549091,0.0007333521526644,Italy,ITA,abruzzo,,,Windows-10-10.0.19045-SP0,3.9.19,2.8.3,16,11th Gen Intel(R) Core(TM) i9-11950H @ 2.60GHz,1,1 x NVIDIA RTX A2000 Laptop GPU,13.4024,42.3532,31.671497344970703,machine,N,1.0
2025-03-31T18:58:01,cc_generate_query_node,ea3a2ac3-db85-4e23-b834-8db39ff79998,5b0fa12a-3dd7-45bb-9766-cc326314d9f1,0.0173371999990195,1.2283127730190554e-07,7.084839380571961e-06,42.5,38.23464815998228,11.876811504364014,1.894118749836101e-07,1.7083347003676868e-07,1.1162553255208197e-08,3.714078982755869e-07,Italy,ITA,abruzzo,,,Windows-10-10.0.19045-SP0,3.9.19,2.8.3,16,11th Gen Intel(R) Core(TM) i9-11950H @ 2.60GHz,1,1 x NVIDIA RTX A2000 Laptop GPU,13.4024,42.3532,31.671497344970703,machine,N,1.0
2025-03-31T18:58:07,cc_cache_context_node,b011c020-ce7a-4057-9b79-eb99a61086e7,5b0fa12a-3dd7-45bb-9766-cc326314d9f1,0.0414893000015581,1.458255719983752e-07,3.5147754238538284e-06,42.5,0.0,11.876811504364014,3.6979486113119093e-07,0.0,7.114144109117126e-08,4.409363022223622e-07,Italy,ITA,abruzzo,,,Windows-10-10.0.19045-SP0,3.9.19,2.8.3,16,11th Gen Intel(R) Core(TM) i9-11950H @ 2.60GHz,1,1 x NVIDIA RTX A2000 Laptop GPU,13.4024,42.3532,31.671497344970703,machine,N,1.0
2025-03-31T18:59:27,cc_model_generation_node,e32d76b2-b403-40cd-bec2-3b73f70fde32,5b0fa12a-3dd7-45bb-9766-cc326314d9f1,75.14267149999978,0.0004144351407279,5.515310175363639e-06,42.5,5.987371001745731,11.876811504364014,0.0008819009403473,0.000127788713339,0.0002434478856309,0.0012531375393173,Italy,ITA,abruzzo,,,Windows-10-10.0.19045-SP0,3.9.19,2.8.3,16,11th Gen Intel(R) Core(TM) i9-11950H @ 2.60GHz,1,1 x NVIDIA RTX A2000 Laptop GPU,13.4024,42.3532,31.671497344970703,machine,N,1.0
2025-03-31T19:00:19,cc_model_validation_node,166a5607-5488-4a11-8d51-88b6a7bd22fc,5b0fa12a-3dd7-45bb-9766-cc326314d9f1,46.92031759999918,0.0002585573011715,5.510561615881911e-06,42.5,7.291599720276692,11.876811504364014,0.0005501291138888,7.973478600575845e-05,0.0001519420531274,0.000781805953022,Italy,ITA,abruzzo,,,Windows-10-10.0.19045-SP0,3.9.19,2.8.3,16,11th Gen Intel(R) Core(TM) i9-11950H @ 2.60GHz,1,1 x NVIDIA RTX A2000 Laptop GPU,13.4024,42.3532,31.671497344970703,machine,N,1.0
2025-03-31T19:01:11,cc_model_validation_node,f899f53b-61f5-447a-a547-e767bcf8bd97,5b0fa12a-3dd7-45bb-9766-cc326314d9f1,47.09961079999994,0.0002603748285927,5.528173676389789e-06,42.5,6.040757339696083,11.876811504364014,0.0005540106565972,7.993784172555252e-05,0.0001533531562371,0.0007873016545599,Italy,ITA,abruzzo,,,Windows-10-10.0.19045-SP0,3.9.19,2.8.3,16,11th Gen Intel(R) Core(TM) i9-11950H @ 2.60GHz,1,1 x NVIDIA RTX A2000 Laptop GPU,13.4024,42.3532,31.671497344970703,machine,N,1.0
2025-03-31T19:01:17,cc_model_validation_node,edb23869-1fde-4eb9-9016-290194f5a844,5b0fa12a-3dd7-45bb-9766-cc326314d9f1,0.0479715000001306,1.841229114336577e-07,3.838172903352122e-06,42.5,0.0,11.876811504364014,4.566872916661345e-07,0.0,1.0004960028911937e-07,5.567368919552539e-07,Italy,ITA,abruzzo,,,Windows-10-10.0.19045-SP0,3.9.19,2.8.3,16,11th Gen Intel(R) Core(TM) i9-11950H @ 2.60GHz,1,1 x NVIDIA RTX A2000 Laptop GPU,13.4024,42.3532,31.671497344970703,machine,N,1.0
2025-03-31T19:01:17,global_file_ex02_writer0001.bpmn,9702c90c-4847-4624-8368-1c4d4cbd7392,5b0fa12a-3dd7-45bb-9766-cc326314d9f1,200.34111219999977,0.001105957031333,5.52036982917879e-06,42.5,6.203514586155002,11.876811504364014,0.0023530889480555,0.0003405022168507,0.0006505178080948,0.0033441089730011,Italy,ITA,abruzzo,,,Windows-10-10.0.19045-SP0,3.9.19,2.8.3,16,11th Gen Intel(R) Core(TM) i9-11950H @ 2.60GHz,1,1 x NVIDIA RTX A2000 Laptop GPU,13.4024,42.3532,31.671497344970703,machine,N,1.0
2025-03-31T19:01:27,cc_generate_query_node,b345e8c1-4b1b-46c1-ac24-0e61da87babd,5b0fa12a-3dd7-45bb-9766-cc326314d9f1,0.021354300000894,9.33054488001085e-08,4.369398612747889e-06,42.5,0.0,11.876811504364014,2.416738888832192e-07,0.0,4.0456049009815055e-08,2.821299378930343e-07,Italy,ITA,abruzzo,,,Windows-10-10.0.19045-SP0,3.9.19,2.8.3,16,11th Gen Intel(R) Core(TM) i9-11950H @ 2.60GHz,1,1 x NVIDIA RTX A2000 Laptop GPU,13.4024,42.3532,31.671497344970703,machine,N,1.0
2025-03-31T19:01:32,cc_cache_context_node,4331158a-dc0f-4b58-9716-ec956dbafa8c,5b0fa12a-3dd7-45bb-9766-cc326314d9f1,0.0113294000002497,9.871035197667897e-08,8.712760779432545e-06,42.5,58.42300958374125,11.876811504364014,1.2290645833748688e-07,1.6944457925660577e-07,6.121836506134595e-09,2.984728741002273e-07,Italy,ITA,abruzzo,,,Windows-10-10.0.19045-SP0,3.9.19,2.8.3,16,11th Gen Intel(R) Core(TM) i9-11950H @ 2.60GHz,1,1 x NVIDIA RTX A2000 Laptop GPU,13.4024,42.3532,31.671497344970703,machine,N,1.0
2025-03-31T19:03:11,cc_model_generation_node,d257742d-3ef6-4497-9d22-961a6d49f1d4,5b0fa12a-3dd7-45bb-9766-cc326314d9f1,93.56352209999932,0.0005164525050399,5.519806153598278e-06,42.5,5.877394961872238,11.876811504364014,0.0010989961595834,0.0001589062382372,0.000303707508625,0.0015616099064456,Italy,ITA,abruzzo,,,Windows-10-10.0.19045-SP0,3.9.19,2.8.3,16,11th Gen Intel(R) Core(TM) i9-11950H @ 2.60GHz,1,1 x NVIDIA RTX A2000 Laptop GPU,13.4024,42.3532,31.671497344970703,machine,N,1.0
2025-03-31T19:04:16,cc_model_validation_node,e43ca168-dd91-4bed-bc21-69332838ffd1,5b0fa12a-3dd7-45bb-9766-cc326314d9f1,59.28263789999983,0.0003269067810195,5.514376427900296e-06,42.5,6.912297694427471,11.876811504364014,0.000695399919861,0.000100777302844,0.0001922987024622,0.0009884759251673,Italy,ITA,abruzzo,,,Windows-10-10.0.19045-SP0,3.9.19,2.8.3,16,11th Gen Intel(R) Core(TM) i9-11950H @ 2.60GHz,1,1 x NVIDIA RTX A2000 Laptop GPU,13.4024,42.3532,31.671497344970703,machine,N,1.0
2025-03-31T19:05:45,cc_model_validation_node,fbe73b4d-7543-4d50-bca8-00f5f7ef323b,5b0fa12a-3dd7-45bb-9766-cc326314d9f1,83.99471930000072,0.0004635223407568,5.518470025494627e-06,42.5,4.854139907871247,11.876811504364014,0.0009862778732638,0.0001426337252219,0.0002726520925044,0.0014015636909901,Italy,ITA,abruzzo,,,Windows-10-10.0.19045-SP0,3.9.19,2.8.3,16,11th Gen Intel(R) Core(TM) i9-11950H @ 2.60GHz,1,1 x NVIDIA RTX A2000 Laptop GPU,13.4024,42.3532,31.671497344970703,machine,N,1.0
2025-03-31T19:05:50,cc_model_validation_node,33741bdc-a52d-4d3e-a5ba-f6cab88178c1,5b0fa12a-3dd7-45bb-9766-cc326314d9f1,0.0562769000007392,2.790495310495515e-07,4.958509282598826e-06,42.5,12.836108810465,11.876811504364014,5.560133333296512e-07,1.6805568492372913e-07,1.1969978492501173e-07,8.43768803178392e-07,Italy,ITA,abruzzo,,,Windows-10-10.0.19045-SP0,3.9.19,2.8.3,16,11th Gen Intel(R) Core(TM) i9-11950H @ 2.60GHz,1,1 x NVIDIA RTX A2000 Laptop GPU,13.4024,42.3532,31.671497344970703,machine,N,1.0
2025-03-31T19:05:55,cc_model_generation_node,fd8ad3f4-676c-476d-a88c-c7823f98f1c9,5b0fa12a-3dd7-45bb-9766-cc326314d9f1,0.0385870999998587,2.3549481020010775e-07,6.102941402721886e-06,42.5,16.111777624899375,11.876811504364014,4.451154861057047e-07,1.688890236550833e-07,9.806683259163221e-08,7.120713423524203e-07,Italy,ITA,abruzzo,,,Windows-10-10.0.19045-SP0,3.9.19,2.8.3,16,11th Gen Intel(R) Core(TM) i9-11950H @ 2.60GHz,1,1 x NVIDIA RTX A2000 Laptop GPU,13.4024,42.3532,31.671497344970703,machine,N,1.0
2025-03-31T19:06:00,cc_model_validation_node,a3ba2afd-6ee4-456c-8851-5b559c38765d,5b0fa12a-3dd7-45bb-9766-cc326314d9f1,0.037345800001276,2.255874498038601e-07,6.04050387985133e-06,42.5,16.80659794028303,11.876811504364014,4.302168749973136e-07,1.702779144352462e-07,8.16194281300161e-08,6.821142175625758e-07,Italy,ITA,abruzzo,,,Windows-10-10.0.19045-SP0,3.9.19,2.8.3,16,11th Gen Intel(R) Core(TM) i9-11950H @ 2.60GHz,1,1 x NVIDIA RTX A2000 Laptop GPU,13.4024,42.3532,31.671497344970703,machine,N,1.0
2025-03-31T19:06:05,cc_model_validation_node,a21c62c8-ceb9-4854-9b32-4c85c1a4c1ef,5b0fa12a-3dd7-45bb-9766-cc326314d9f1,0.0724538999984361,3.117961061715441e-07,4.303372298499792e-06,42.5,0.0,11.876811504364014,7.597795833324502e-07,0.0,1.830058295315125e-07,9.427854128639628e-07,Italy,ITA,abruzzo,,,Windows-10-10.0.19045-SP0,3.9.19,2.8.3,16,11th Gen Intel(R) Core(TM) i9-11950H @ 2.60GHz,1,1 x NVIDIA RTX A2000 Laptop GPU,13.4024,42.3532,31.671497344970703,machine,N,1.0
2025-03-31T19:06:11,cc_model_validation_node,4196f6a6-300f-4e21-9896-029d602e5fde,5b0fa12a-3dd7-45bb-9766-cc326314d9f1,0.0367498000014165,1.240145931673264e-07,3.374565117702573e-06,42.5,0.0,11.876811504364014,3.393660416716355e-07,0.0,3.561987735099528e-08,3.749859190226308e-07,Italy,ITA,abruzzo,,,Windows-10-10.0.19045-SP0,3.9.19,2.8.3,16,11th Gen Intel(R) Core(TM) i9-11950H @ 2.60GHz,1,1 x NVIDIA RTX A2000 Laptop GPU,13.4024,42.3532,31.671497344970703,machine,N,1.0
2025-03-31T19:06:11,global_file_ex03_writer0001.bpmn,83b3f8ed-c59a-457c-91aa-5b40e7259c15,5b0fa12a-3dd7-45bb-9766-cc326314d9f1,288.87476330000027,0.0015953126174363,5.522506013374542e-06,42.5,0.0,11.876811504364014,0.0033944358634027,0.0004908887260413,0.0009384606821057,0.0048237852715497,Italy,ITA,abruzzo,,,Windows-10-10.0.19045-SP0,3.9.19,2.8.3,16,11th Gen Intel(R) Core(TM) i9-11950H @ 2.60GHz,1,1 x NVIDIA RTX A2000 Laptop GPU,13.4024,42.3532,31.671497344970703,machine,N,1.0
2025-03-31T19:06:21,cc_generate_query_node,cddc476b-493d-4fba-9e18-3f0683ea08e2,5b0fa12a-3dd7-45bb-9766-cc326314d9f1,0.0133800000003247,5.0422577292191256e-08,3.7685035344519614e-06,42.5,0.0,11.876811504364014,1.4730381944900728e-07,0.0,5.160144690202687e-09,1.5246396413920998e-07,Italy,ITA,abruzzo,,,Windows-10-10.0.19045-SP0,3.9.19,2.8.3,16,11th Gen Intel(R) Core(TM) i9-11950H @ 2.60GHz,1,1 x NVIDIA RTX A2000 Laptop GPU,13.4024,42.3532,31.671497344970703,machine,N,1.0
2025-03-31T19:06:26,cc_cache_context_node,87e77e91-260c-432f-b018-9bcce2345443,5b0fa12a-3dd7-45bb-9766-cc326314d9f1,0.0160260000011476,1.1623291286546697e-07,7.25277130020863e-06,42.5,40.08377776091754,11.876811504364014,1.777125694401447e-07,1.680556920291565e-07,5.688002977952818e-09,3.51456264447254e-07,Italy,ITA,abruzzo,,,Windows-10-10.0.19045-SP0,3.9.19,2.8.3,16,11th Gen Intel(R) Core(TM) i9-11950H @ 2.60GHz,1,1 x NVIDIA RTX A2000 Laptop GPU,13.4024,42.3532,31.671497344970703,machine,N,1.0
2025-03-31T19:07:50,cc_model_generation_node,402b03de-5a1c-4913-ad24-199954b899b0,5b0fa12a-3dd7-45bb-9766-cc326314d9f1,78.83261540000058,0.0004350596740183,5.518777625363193e-06,42.5,5.163357970228074,11.876811504364014,0.000926043345764,0.0001337217736434,0.0002557353190881,0.0013155004384955,Italy,ITA,abruzzo,,,Windows-10-10.0.19045-SP0,3.9.19,2.8.3,16,11th Gen Intel(R) Core(TM) i9-11950H @ 2.60GHz,1,1 x NVIDIA RTX A2000 Laptop GPU,13.4024,42.3532,31.671497344970703,machine,N,1.0
2025-03-31T19:08:35,cc_model_validation_node,8c86838e-c71c-499e-b964-249bbb84ae39,5b0fa12a-3dd7-45bb-9766-cc326314d9f1,39.60453290000078,0.0002181271016,5.507629698621018e-06,42.5,5.9897717057820135,11.876811504364014,0.0004642275413194,6.722283155013997e-05,0.0001281058097393,0.0006595561826089,Italy,ITA,abruzzo,,,Windows-10-10.0.19045-SP0,3.9.19,2.8.3,16,11th Gen Intel(R) Core(TM) i9-11950H @ 2.60GHz,1,1 x NVIDIA RTX A2000 Laptop GPU,13.4024,42.3532,31.671497344970703,machine,N,1.0
2025-03-31T19:09:24,cc_model_validation_node,a31132bd-7e34-4b4b-b48c-cd98b14af42c,5b0fa12a-3dd7-45bb-9766-cc326314d9f1,43.894338199999765,0.0002418794195279,5.510492456358189e-06,42.5,0.0,11.876811504364014,0.0005146017016667,7.46145041325974e-05,0.0001421604338995,0.0007313766396988,Italy,ITA,abruzzo,,,Windows-10-10.0.19045-SP0,3.9.19,2.8.3,16,11th Gen Intel(R) Core(TM) i9-11950H @ 2.60GHz,1,1 x NVIDIA RTX A2000 Laptop GPU,13.4024,42.3532,31.671497344970703,machine,N,1.0
2025-03-31T19:09:29,cc_model_validation_node,b662ce53-30f5-4392-b8a0-cdaba8fcb011,5b0fa12a-3dd7-45bb-9766-cc326314d9f1,0.0421797999988484,1.975875797942185e-07,4.684412439120449e-06,42.5,0.0,11.876811504364014,4.871220138839918e-07,0.0,1.1032832082478861e-07,5.974503347087805e-07,Italy,ITA,abruzzo,,,Windows-10-10.0.19045-SP0,3.9.19,2.8.3,16,11th Gen Intel(R) Core(TM) i9-11950H @ 2.60GHz,1,1 x NVIDIA RTX A2000 Laptop GPU,13.4024,42.3532,31.671497344970703,machine,N,1.0
2025-03-31T19:09:35,cc_model_generation_node,0fb9e2ff-5972-44c0-92af-0bb0978daeff,5b0fa12a-3dd7-45bb-9766-cc326314d9f1,0.3857029999999213,2.037604251614186e-06,5.282832261129942e-06,42.5,6.688549694939757,11.876811504364014,4.316834791670014e-06,6.794449873837038e-07,1.1648733835022556e-06,6.161153162555973e-06,Italy,ITA,abruzzo,,,Windows-10-10.0.19045-SP0,3.9.19,2.8.3,16,11th Gen Intel(R) Core(TM) i9-11950H @ 2.60GHz,1,1 x NVIDIA RTX A2000 Laptop GPU,13.4024,42.3532,31.671497344970703,machine,N,1.0
2025-03-31T19:09:40,cc_model_validation_node,f578bff2-2127-4ff0-adc3-edb238024fdd,5b0fa12a-3dd7-45bb-9766-cc326314d9f1,0.0323814000003039,2.019328556471921e-07,6.2360755138844e-06,42.5,19.27746072746563,11.876811504364014,3.7063069445114e-07,1.683334645008472e-07,7.16250912466472e-08,6.105892501986344e-07,Italy,ITA,abruzzo,,,Windows-10-10.0.19045-SP0,3.9.19,2.8.3,16,11th Gen Intel(R) Core(TM) i9-11950H @ 2.60GHz,1,1 x NVIDIA RTX A2000 Laptop GPU,13.4024,42.3532,31.671497344970703,machine,N,1.0
2025-03-31T19:09:46,cc_model_validation_node,901e2136-67ca-4131-82fd-bf9060bd2afb,5b0fa12a-3dd7-45bb-9766-cc326314d9f1,0.0271573000009084,1.7841006173464105e-07,6.569506605173308e-06,42.5,23.61249928386145,11.876811504364014,3.0861847223301695e-07,1.716668052154091e-07,5.91775329660087e-08,5.394628104144348e-07,Italy,ITA,abruzzo,,,Windows-10-10.0.19045-SP0,3.9.19,2.8.3,16,11th Gen Intel(R) Core(TM) i9-11950H @ 2.60GHz,1,1 x NVIDIA RTX A2000 Laptop GPU,13.4024,42.3532,31.671497344970703,machine,N,1.0
2025-03-31T19:09:51,cc_model_validation_node,bef72722-ec57-46b4-85fb-0202f7b5bf5b,5b0fa12a-3dd7-45bb-9766-cc326314d9f1,0.0222177000014198,1.5263535620267025e-07,6.869989071457249e-06,42.5,28.90638320436719,11.876811504364014,2.503828472400629e-07,1.705556904596506e-07,4.058867340663762e-08,4.615272111063511e-07,Italy,ITA,abruzzo,,,Windows-10-10.0.19045-SP0,3.9.19,2.8.3,16,11th Gen Intel(R) Core(TM) i9-11950H @ 2.60GHz,1,1 x NVIDIA RTX A2000 Laptop GPU,13.4024,42.3532,31.671497344970703,machine,N,1.0
2025-03-31T19:09:51,global_file_ex04_writer0008.bpmn,d7281b21-4df1-41f7-b53f-9dc215b79fd2,5b0fa12a-3dd7-45bb-9766-cc326314d9f1,215.4511014000018,0.001186659976344,5.507792573967536e-06,42.5,5.923888839863744,11.876811504364014,0.0025250592846528,0.0003659566816551,0.0006971164496598,0.0035881324159678,Italy,ITA,abruzzo,,,Windows-10-10.0.19045-SP0,3.9.19,2.8.3,16,11th Gen Intel(R) Core(TM) i9-11950H @ 2.60GHz,1,1 x NVIDIA RTX A2000 Laptop GPU,13.4024,42.3532,31.671497344970703,machine,N,1.0
2025-03-31T19:09:52,global_app,cd5aa737-7e63-40b1-9264-2222d01081ea,5b0fa12a-3dd7-45bb-9766-cc326314d9f1,822.2890353000003,0.004537478922623972,5.518107049753544e-06,42.5,6.374869454014461,11.876811504364014,0.009655719929722152,0.0013972677844797943,0.0026670968370591593,0.013720084551261112,Italy,ITA,abruzzo,,,Windows-10-10.0.19045-SP0,3.9.19,2.8.3,16,11th Gen Intel(R) Core(TM) i9-11950H @ 2.60GHz,1,1 x NVIDIA RTX A2000 Laptop GPU,13.4024,42.3532,31.671497344970703,machine,N,1.0
